{
	"R0":{
			"20-29":0.36979474 ,"30-39":5.60922495 ,"40-49":15.89067287 ,"50-59":21.70408947,"60-69":21.1215893,"70-79":14.43202713,">=80":9.618031312,"Total":11.75228304
		},
	"Rc":{
			"20-29":1.897047029,"30-39":28.77532398,"40-49":81.5191518,"50-59":111.341979,"60-69":108.3537531,"70-79":74.03629918,">=80":49.34050063,"Total":60.28921201
		},
	"Ra":{
			"20-29":0.491827007,"30-39":7.460269181,"40-49":21.13459491,"50-59":28.866439,"60-69":28.09171377,"70-79":19.19459608,">=80":12.79198165,"Total":15.63053645
		},
	"Rb":{
			"20-29":4.419047172,"30-39":67.03023813,"40-49":189.8935407,"50-59":259.3638692,"60-69":252.4029922,"70-79":172.4627242,">=80":114.9354742,"Total":140.4397824
		},
	"Rac":{
			"20-29":3.653572055,"30-39":55.41914249,"40-49":156.9998479,"50-59":214.436404,"60-69":208.6813023,"70-79":142.588428,">=80":95.02614937,"Total":116.1125565
		},
	"Rab":{
			"20-29":8.076317175,"30-39":122.5054729,"40-49":347.0522954,"50-59":474.0173141,"60-69":461.2955104,"70-79":315.1954725,">=80":210.0578039,"Total":256.6698617
		},
	"Rbc":{
			"20-29":9.82174836 ,"30-39":148.98101462,"40-49":422.05627131 ,"50-59":576.46061637,"60-69":560.98941191 ,"70-79":383.31464059 ,">=80":255.45491166 ,"Total":312.14063763 
		},
	"Rabc":{
			"20-29":17.33227958,"30-39":262.9043733,"40-49":744.7958372,"50-59":1017.270674,"60-69":989.9688907,"70-79":676.4291116,">=80":450.7971276,"Total":550.8295062
		},	

	"life_expen":{
	"20-29":{
		"life_exp":18.6,"life_exp_SE":7.9,"life_lost":29.8,"life_lost_SE":7.9,
		"cost_3":25404,"cost_3_SE":3396,"cost_5":22926,"cost_5_SE":2870
	},
	"30-39":{
		"life_exp":14.3,"life_exp_SE":2.4,"life_lost":26,"life_lost_SE":2.4,
		"cost_3":26306,"cost_3_SE":2291,"cost_5":24321,"cost_5_SE":1775
	},
	"40-49":{
		"life_exp":13.9,"life_exp_SE":1,"life_lost":18.6,"life_lost_SE":1,
		"cost_3":28768,"cost_3_SE":2035,"cost_5":26522,"cost_5_SE":2141
	},
	"50-59":{
		"life_exp":12.5,"life_exp_SE":0.6,"life_lost":12.3,"life_lost_SE":0.6,
		"cost_3":28172,"cost_3_SE":2033,"cost_5":26107,"cost_5_SE":2214
	},
	"60-69":{
		"life_exp":8.6,"life_exp_SE":0.5,"life_lost":8.7,"life_lost_SE":0.5,
		"cost_3":26213,"cost_3_SE":2259,"cost_5":24515,"cost_5_SE":1762
	},
	"70-79":{
		"life_exp":5.4,"life_exp_SE":0.3,"life_lost":5.7,"life_lost_SE":0.3,
		"cost_3":21807,"cost_3_SE":1848,"cost_5":20691,"cost_5_SE":1750
	},
	">=80":{
		"life_exp":"NA","life_lost":"NA",
		"cost_3":"NA","cost_5":"NA"
	}
  }
}